Fecha,Producto,Demanda_Diaria
2025-09-01,Cafe_Grano_1kg,18
2025-09-01,Vasos_Descartables_8oz,184
2025-09-01,Leche_Almendra_1L,32
2025-09-01,Azucar_Blanca_500g,3
2025-09-01,Jarabe_Vainilla,1
2025-09-02,Cafe_Grano_1kg,13
2025-09-02,Vasos_Descartables_8oz,197
2025-09-02,Leche_Almendra_1L,32
2025-09-02,Azucar_Blanca_500g,5
2025-09-02,Jarabe_Vainilla,1
2025-09-03,Cafe_Grano_1kg,16
2025-09-03,Vasos_Descartables_8oz,192
2025-09-03,Leche_Almendra_1L,33
2025-09-03,Azucar_Blanca_500g,2
2025-09-03,Jarabe_Vainilla,3
2025-09-04,Cafe_Grano_1kg,15
2025-09-04,Vasos_Descartables_8oz,221
2025-09-04,Leche_Almendra_1L,39
2025-09-04,Azucar_Blanca_500g,2
2025-09-04,Jarabe_Vainilla,3
2025-09-05,Cafe_Grano_1kg,12
2025-09-05,Vasos_Descartables_8oz,182
2025-09-05,Leche_Almendra_1L,35
2025-09-05,Azucar_Blanca_500g,0
2025-09-05,Jarabe_Vainilla,4
2025-09-06,Cafe_Grano_1kg,13
2025-09-06,Vasos_Descartables_8oz,218
2025-09-06,Leche_Almendra_1L,27
2025-09-06,Azucar_Blanca_500g,6
2025-09-06,Jarabe_Vainilla,6
2025-09-07,Cafe_Grano_1kg,13
2025-09-07,Vasos_Descartables_8oz,222
2025-09-07,Leche_Almendra_1L,28
2025-09-07,Azucar_Blanca_500g,2
2025-09-07,Jarabe_Vainilla,6
2025-09-08,Cafe_Grano_1kg,21
2025-09-08,Vasos_Descartables_8oz,192
2025-09-08,Leche_Almendra_1L,25
2025-09-08,Azucar_Blanca_500g,2
2025-09-08,Jarabe_Vainilla,2
2025-09-09,Cafe_Grano_1kg,10
2025-09-09,Vasos_Descartables_8oz,229
2025-09-09,Leche_Almendra_1L,30
2025-09-09,Azucar_Blanca_500g,6
2025-09-09,Jarabe_Vainilla,0
2025-09-10,Cafe_Grano_1kg,16
2025-09-10,Vasos_Descartables_8oz,169
2025-09-10,Leche_Almendra_1L,39
2025-09-10,Azucar_Blanca_500g,6
2025-09-10,Jarabe_Vainilla,5
2025-09-11,Cafe_Grano_1kg,19
2025-09-11,Vasos_Descartables_8oz,186
2025-09-11,Leche_Almendra_1L,31
2025-09-11,Azucar_Blanca_500g,2
2025-09-11,Jarabe_Vainilla,3
2025-09-12,Cafe_Grano_1kg,22
2025-09-12,Vasos_Descartables_8oz,193
2025-09-12,Leche_Almendra_1L,26
2025-09-12,Azucar_Blanca_500g,4
2025-09-12,Jarabe_Vainilla,5
2025-09-13,Cafe_Grano_1kg,18
2025-09-13,Vasos_Descartables_8oz,176
2025-09-13,Leche_Almendra_1L,38
2025-09-13,Azucar_Blanca_500g,1
2025-09-13,Jarabe_Vainilla,1
2025-09-14,Cafe_Grano_1kg,10
2025-09-14,Vasos_Descartables_8oz,208
2025-09-14,Leche_Almendra_1L,25
2025-09-14,Azucar_Blanca_500g,7
2025-09-14,Jarabe_Vainilla,2
2025-09-15,Cafe_Grano_1kg,21
2025-09-15,Vasos_Descartables_8oz,213
2025-09-15,Leche_Almendra_1L,31
2025-09-15,Azucar_Blanca_500g,3
2025-09-15,Jarabe_Vainilla,5
2025-09-16,Cafe_Grano_1kg,12
2025-09-16,Vasos_Descartables_8oz,217
2025-09-16,Leche_Almendra_1L,24
2025-09-16,Azucar_Blanca_500g,6
2025-09-16,Jarabe_Vainilla,6
2025-09-17,Cafe_Grano_1kg,15
2025-09-17,Vasos_Descartables_8oz,213
2025-09-17,Leche_Almendra_1L,33
2025-09-17,Azucar_Blanca_500g,4
2025-09-17,Jarabe_Vainilla,0
2025-09-18,Cafe_Grano_1kg,15
2025-09-18,Vasos_Descartables_8oz,191
2025-09-18,Leche_Almendra_1L,13
2025-09-18,Azucar_Blanca_500g,5
2025-09-18,Jarabe_Vainilla,2
2025-09-19,Cafe_Grano_1kg,15
2025-09-19,Vasos_Descartables_8oz,206
2025-09-19,Leche_Almendra_1L,27
2025-09-19,Azucar_Blanca_500g,3
2025-09-19,Jarabe_Vainilla,4
2025-09-20,Cafe_Grano_1kg,10
2025-09-20,Vasos_Descartables_8oz,202
2025-09-20,Leche_Almendra_1L,33
2025-09-20,Azucar_Blanca_500g,7
2025-09-20,Jarabe_Vainilla,0
2025-09-21,Cafe_Grano_1kg,9
2025-09-21,Vasos_Descartables_8oz,209
2025-09-21,Leche_Almendra_1L,21
2025-09-21,Azucar_Blanca_500g,5
2025-09-21,Jarabe_Vainilla,0
2025-09-22,Cafe_Grano_1kg,13
2025-09-22,Vasos_Descartables_8oz,200
2025-09-22,Leche_Almendra_1L,33
2025-09-22,Azucar_Blanca_500g,2
2025-09-22,Jarabe_Vainilla,5
2025-09-23,Cafe_Grano_1kg,14
2025-09-23,Vasos_Descartables_8oz,222
2025-09-23,Leche_Almendra_1L,20
2025-09-23,Azucar_Blanca_500g,1
2025-09-23,Jarabe_Vainilla,1
2025-09-24,Cafe_Grano_1kg,13
2025-09-24,Vasos_Descartables_8oz,191
2025-09-24,Leche_Almendra_1L,33
2025-09-24,Azucar_Blanca_500g,8
2025-09-24,Jarabe_Vainilla,5
2025-09-25,Cafe_Grano_1kg,18
2025-09-25,Vasos_Descartables_8oz,179
2025-09-25,Leche_Almendra_1L,30
2025-09-25,Azucar_Blanca_500g,3
2025-09-25,Jarabe_Vainilla,2
2025-09-26,Cafe_Grano_1kg,23
2025-09-26,Vasos_Descartables_8oz,203
2025-09-26,Leche_Almendra_1L,29
2025-09-26,Azucar_Blanca_500g,6
2025-09-26,Jarabe_Vainilla,1
2025-09-27,Cafe_Grano_1kg,14
2025-09-27,Vasos_Descartables_8oz,194
2025-09-27,Leche_Almendra_1L,23
2025-09-27,Azucar_Blanca_500g,2
2025-09-27,Jarabe_Vainilla,2
2025-09-28,Cafe_Grano_1kg,17
2025-09-28,Vasos_Descartables_8oz,195
2025-09-28,Leche_Almendra_1L,28
2025-09-28,Azucar_Blanca_500g,6
2025-09-28,Jarabe_Vainilla,1
2025-09-29,Cafe_Grano_1kg,10
2025-09-29,Vasos_Descartables_8oz,206
2025-09-29,Leche_Almendra_1L,28
2025-09-29,Azucar_Blanca_500g,3
2025-09-29,Jarabe_Vainilla,1
2025-09-30,Cafe_Grano_1kg,21
2025-09-30,Vasos_Descartables_8oz,202
2025-09-30,Leche_Almendra_1L,30
2025-09-30,Azucar_Blanca_500g,5
2025-09-30,Jarabe_Vainilla,5
2025-10-01,Cafe_Grano_1kg,11
2025-10-01,Vasos_Descartables_8oz,194
2025-10-01,Leche_Almendra_1L,31
2025-10-01,Azucar_Blanca_500g,11
2025-10-01,Jarabe_Vainilla,0
2025-10-02,Cafe_Grano_1kg,13
2025-10-02,Vasos_Descartables_8oz,204
2025-10-02,Leche_Almendra_1L,36
2025-10-02,Azucar_Blanca_500g,2
2025-10-02,Jarabe_Vainilla,9
2025-10-03,Cafe_Grano_1kg,16
2025-10-03,Vasos_Descartables_8oz,207
2025-10-03,Leche_Almendra_1L,28
2025-10-03,Azucar_Blanca_500g,9
2025-10-03,Jarabe_Vainilla,0
2025-10-04,Cafe_Grano_1kg,18
2025-10-04,Vasos_Descartables_8oz,209
2025-10-04,Leche_Almendra_1L,23
2025-10-04,Azucar_Blanca_500g,6
2025-10-04,Jarabe_Vainilla,5
2025-10-05,Cafe_Grano_1kg,22
2025-10-05,Vasos_Descartables_8oz,189
2025-10-05,Leche_Almendra_1L,27
2025-10-05,Azucar_Blanca_500g,2
2025-10-05,Jarabe_Vainilla,1
2025-10-06,Cafe_Grano_1kg,10
2025-10-06,Vasos_Descartables_8oz,185
2025-10-06,Leche_Almendra_1L,38
2025-10-06,Azucar_Blanca_500g,3
2025-10-06,Jarabe_Vainilla,1
2025-10-07,Cafe_Grano_1kg,11
2025-10-07,Vasos_Descartables_8oz,181
2025-10-07,Leche_Almendra_1L,25
2025-10-07,Azucar_Blanca_500g,5
2025-10-07,Jarabe_Vainilla,2
2025-10-08,Cafe_Grano_1kg,12
2025-10-08,Vasos_Descartables_8oz,211
2025-10-08,Leche_Almendra_1L,25
2025-10-08,Azucar_Blanca_500g,5
2025-10-08,Jarabe_Vainilla,4
2025-10-09,Cafe_Grano_1kg,9
2025-10-09,Vasos_Descartables_8oz,201
2025-10-09,Leche_Almendra_1L,26
2025-10-09,Azucar_Blanca_500g,1
2025-10-09,Jarabe_Vainilla,2
2025-10-10,Cafe_Grano_1kg,21
2025-10-10,Vasos_Descartables_8oz,207
2025-10-10,Leche_Almendra_1L,30
2025-10-10,Azucar_Blanca_500g,5
2025-10-10,Jarabe_Vainilla,3
2025-10-11,Cafe_Grano_1kg,12
2025-10-11,Vasos_Descartables_8oz,183
2025-10-11,Leche_Almendra_1L,24
2025-10-11,Azucar_Blanca_500g,3
2025-10-11,Jarabe_Vainilla,3
2025-10-12,Cafe_Grano_1kg,12
2025-10-12,Vasos_Descartables_8oz,207
2025-10-12,Leche_Almendra_1L,31
2025-10-12,Azucar_Blanca_500g,4
2025-10-12,Jarabe_Vainilla,2
2025-10-13,Cafe_Grano_1kg,16
2025-10-13,Vasos_Descartables_8oz,203
2025-10-13,Leche_Almendra_1L,30
2025-10-13,Azucar_Blanca_500g,2
2025-10-13,Jarabe_Vainilla,2
2025-10-14,Cafe_Grano_1kg,19
2025-10-14,Vasos_Descartables_8oz,208
2025-10-14,Leche_Almendra_1L,31
2025-10-14,Azucar_Blanca_500g,8
2025-10-14,Jarabe_Vainilla,1
2025-10-15,Cafe_Grano_1kg,16
2025-10-15,Vasos_Descartables_8oz,182
2025-10-15,Leche_Almendra_1L,25
2025-10-15,Azucar_Blanca_500g,6
2025-10-15,Jarabe_Vainilla,4
2025-10-16,Cafe_Grano_1kg,18
2025-10-16,Vasos_Descartables_8oz,188
2025-10-16,Leche_Almendra_1L,28
2025-10-16,Azucar_Blanca_500g,6
2025-10-16,Jarabe_Vainilla,5
2025-10-17,Cafe_Grano_1kg,13
2025-10-17,Vasos_Descartables_8oz,211
2025-10-17,Leche_Almendra_1L,31
2025-10-17,Azucar_Blanca_500g,5
2025-10-17,Jarabe_Vainilla,2
2025-10-18,Cafe_Grano_1kg,12
2025-10-18,Vasos_Descartables_8oz,209
2025-10-18,Leche_Almendra_1L,33
2025-10-18,Azucar_Blanca_500g,5
2025-10-18,Jarabe_Vainilla,3
2025-10-19,Cafe_Grano_1kg,15
2025-10-19,Vasos_Descartables_8oz,227
2025-10-19,Leche_Almendra_1L,33
2025-10-19,Azucar_Blanca_500g,7
2025-10-19,Jarabe_Vainilla,5
2025-10-20,Cafe_Grano_1kg,16
2025-10-20,Vasos_Descartables_8oz,170
2025-10-20,Leche_Almendra_1L,35
2025-10-20,Azucar_Blanca_500g,6
2025-10-20,Jarabe_Vainilla,2
2025-10-21,Cafe_Grano_1kg,10
2025-10-21,Vasos_Descartables_8oz,200
2025-10-21,Leche_Almendra_1L,39
2025-10-21,Azucar_Blanca_500g,2
2025-10-21,Jarabe_Vainilla,3
2025-10-22,Cafe_Grano_1kg,14
2025-10-22,Vasos_Descartables_8oz,204
2025-10-22,Leche_Almendra_1L,34
2025-10-22,Azucar_Blanca_500g,3
2025-10-22,Jarabe_Vainilla,2
2025-10-23,Cafe_Grano_1kg,18
2025-10-23,Vasos_Descartables_8oz,201
2025-10-23,Leche_Almendra_1L,28
2025-10-23,Azucar_Blanca_500g,5
2025-10-23,Jarabe_Vainilla,2
2025-10-24,Cafe_Grano_1kg,10
2025-10-24,Vasos_Descartables_8oz,207
2025-10-24,Leche_Almendra_1L,25
2025-10-24,Azucar_Blanca_500g,2
2025-10-24,Jarabe_Vainilla,3
2025-10-25,Cafe_Grano_1kg,9
2025-10-25,Vasos_Descartables_8oz,209
2025-10-25,Leche_Almendra_1L,36
2025-10-25,Azucar_Blanca_500g,4
2025-10-25,Jarabe_Vainilla,1
2025-10-26,Cafe_Grano_1kg,16
2025-10-26,Vasos_Descartables_8oz,221
2025-10-26,Leche_Almendra_1L,27
2025-10-26,Azucar_Blanca_500g,6
2025-10-26,Jarabe_Vainilla,3
2025-10-27,Cafe_Grano_1kg,20
2025-10-27,Vasos_Descartables_8oz,221
2025-10-27,Leche_Almendra_1L,29
2025-10-27,Azucar_Blanca_500g,4
2025-10-27,Jarabe_Vainilla,4
2025-10-28,Cafe_Grano_1kg,9
2025-10-28,Vasos_Descartables_8oz,190
2025-10-28,Leche_Almendra_1L,32
2025-10-28,Azucar_Blanca_500g,1
2025-10-28,Jarabe_Vainilla,4
2025-10-29,Cafe_Grano_1kg,17
2025-10-29,Vasos_Descartables_8oz,223
2025-10-29,Leche_Almendra_1L,28
2025-10-29,Azucar_Blanca_500g,2
2025-10-29,Jarabe_Vainilla,2
2025-10-30,Cafe_Grano_1kg,14
2025-10-30,Vasos_Descartables_8oz,194
2025-10-30,Leche_Almendra_1L,27
2025-10-30,Azucar_Blanca_500g,5
2025-10-30,Jarabe_Vainilla,2
2025-10-31,Cafe_Grano_1kg,15
2025-10-31,Vasos_Descartables_8oz,193
2025-10-31,Leche_Almendra_1L,22
2025-10-31,Azucar_Blanca_500g,8
2025-10-31,Jarabe_Vainilla,2
2025-11-01,Cafe_Grano_1kg,22
2025-11-01,Vasos_Descartables_8oz,232
2025-11-01,Leche_Almendra_1L,24
2025-11-01,Azucar_Blanca_500g,8
2025-11-01,Jarabe_Vainilla,2
2025-11-02,Cafe_Grano_1kg,11
2025-11-02,Vasos_Descartables_8oz,224
2025-11-02,Leche_Almendra_1L,33
2025-11-02,Azucar_Blanca_500g,8
2025-11-02,Jarabe_Vainilla,2
2025-11-03,Cafe_Grano_1kg,13
2025-11-03,Vasos_Descartables_8oz,173
2025-11-03,Leche_Almendra_1L,31
2025-11-03,Azucar_Blanca_500g,5
2025-11-03,Jarabe_Vainilla,1
2025-11-04,Cafe_Grano_1kg,20
2025-11-04,Vasos_Descartables_8oz,228
2025-11-04,Leche_Almendra_1L,35
2025-11-04,Azucar_Blanca_500g,8
2025-11-04,Jarabe_Vainilla,1
2025-11-05,Cafe_Grano_1kg,12
2025-11-05,Vasos_Descartables_8oz,188
2025-11-05,Leche_Almendra_1L,29
2025-11-05,Azucar_Blanca_500g,5
2025-11-05,Jarabe_Vainilla,4
2025-11-06,Cafe_Grano_1kg,23
2025-11-06,Vasos_Descartables_8oz,204
2025-11-06,Leche_Almendra_1L,25
2025-11-06,Azucar_Blanca_500g,4
2025-11-06,Jarabe_Vainilla,6
2025-11-07,Cafe_Grano_1kg,17
2025-11-07,Vasos_Descartables_8oz,214
2025-11-07,Leche_Almendra_1L,25
2025-11-07,Azucar_Blanca_500g,5
2025-11-07,Jarabe_Vainilla,6
2025-11-08,Cafe_Grano_1kg,14
2025-11-08,Vasos_Descartables_8oz,190
2025-11-08,Leche_Almendra_1L,30
2025-11-08,Azucar_Blanca_500g,4
2025-11-08,Jarabe_Vainilla,5
2025-11-09,Cafe_Grano_1kg,12
2025-11-09,Vasos_Descartables_8oz,213
2025-11-09,Leche_Almendra_1L,33
2025-11-09,Azucar_Blanca_500g,7
2025-11-09,Jarabe_Vainilla,2
2025-11-10,Cafe_Grano_1kg,18
2025-11-10,Vasos_Descartables_8oz,215
2025-11-10,Leche_Almendra_1L,30
2025-11-10,Azucar_Blanca_500g,8
2025-11-10,Jarabe_Vainilla,6
2025-11-11,Cafe_Grano_1kg,8
2025-11-11,Vasos_Descartables_8oz,209
2025-11-11,Leche_Almendra_1L,31
2025-11-11,Azucar_Blanca_500g,6
2025-11-11,Jarabe_Vainilla,1
2025-11-12,Cafe_Grano_1kg,15
2025-11-12,Vasos_Descartables_8oz,208
2025-11-12,Leche_Almendra_1L,29
2025-11-12,Azucar_Blanca_500g,4
2025-11-12,Jarabe_Vainilla,4
2025-11-13,Cafe_Grano_1kg,14
2025-11-13,Vasos_Descartables_8oz,197
2025-11-13,Leche_Almendra_1L,28
2025-11-13,Azucar_Blanca_500g,5
2025-11-13,Jarabe_Vainilla,5
2025-11-14,Cafe_Grano_1kg,18
2025-11-14,Vasos_Descartables_8oz,182
2025-11-14,Leche_Almendra_1L,39
2025-11-14,Azucar_Blanca_500g,3
2025-11-14,Jarabe_Vainilla,3
2025-11-15,Cafe_Grano_1kg,12
2025-11-15,Vasos_Descartables_8oz,192
2025-11-15,Leche_Almendra_1L,28
2025-11-15,Azucar_Blanca_500g,5
2025-11-15,Jarabe_Vainilla,2
2025-11-16,Cafe_Grano_1kg,15
2025-11-16,Vasos_Descartables_8oz,209
2025-11-16,Leche_Almendra_1L,30
2025-11-16,Azucar_Blanca_500g,2
2025-11-16,Jarabe_Vainilla,2
2025-11-17,Cafe_Grano_1kg,17
2025-11-17,Vasos_Descartables_8oz,186
2025-11-17,Leche_Almendra_1L,22
2025-11-17,Azucar_Blanca_500g,3
2025-11-17,Jarabe_Vainilla,7
2025-11-18,Cafe_Grano_1kg,21
2025-11-18,Vasos_Descartables_8oz,215
2025-11-18,Leche_Almendra_1L,32
2025-11-18,Azucar_Blanca_500g,2
2025-11-18,Jarabe_Vainilla,1
2025-11-19,Cafe_Grano_1kg,20
2025-11-19,Vasos_Descartables_8oz,185
2025-11-19,Leche_Almendra_1L,33
2025-11-19,Azucar_Blanca_500g,8
2025-11-19,Jarabe_Vainilla,0
2025-11-20,Cafe_Grano_1kg,12
2025-11-20,Vasos_Descartables_8oz,218
2025-11-20,Leche_Almendra_1L,34
2025-11-20,Azucar_Blanca_500g,3
2025-11-20,Jarabe_Vainilla,7
2025-11-21,Cafe_Grano_1kg,12
2025-11-21,Vasos_Descartables_8oz,223
2025-11-21,Leche_Almendra_1L,32
2025-11-21,Azucar_Blanca_500g,5
2025-11-21,Jarabe_Vainilla,4
2025-11-22,Cafe_Grano_1kg,20
2025-11-22,Vasos_Descartables_8oz,201
2025-11-22,Leche_Almendra_1L,31
2025-11-22,Azucar_Blanca_500g,6
2025-11-22,Jarabe_Vainilla,3
2025-11-23,Cafe_Grano_1kg,11
2025-11-23,Vasos_Descartables_8oz,193
2025-11-23,Leche_Almendra_1L,29
2025-11-23,Azucar_Blanca_500g,4
2025-11-23,Jarabe_Vainilla,7
2025-11-24,Cafe_Grano_1kg,9
2025-11-24,Vasos_Descartables_8oz,170
2025-11-24,Leche_Almendra_1L,41
2025-11-24,Azucar_Blanca_500g,5
2025-11-24,Jarabe_Vainilla,3
2025-11-25,Cafe_Grano_1kg,24
2025-11-25,Vasos_Descartables_8oz,218
2025-11-25,Leche_Almendra_1L,30
2025-11-25,Azucar_Blanca_500g,2
2025-11-25,Jarabe_Vainilla,2
2025-11-26,Cafe_Grano_1kg,9
2025-11-26,Vasos_Descartables_8oz,198
2025-11-26,Leche_Almendra_1L,24
2025-11-26,Azucar_Blanca_500g,7
2025-11-26,Jarabe_Vainilla,5
2025-11-27,Cafe_Grano_1kg,17
2025-11-27,Vasos_Descartables_8oz,196
2025-11-27,Leche_Almendra_1L,35
2025-11-27,Azucar_Blanca_500g,10
2025-11-27,Jarabe_Vainilla,1
2025-11-28,Cafe_Grano_1kg,13
2025-11-28,Vasos_Descartables_8oz,196
2025-11-28,Leche_Almendra_1L,28
2025-11-28,Azucar_Blanca_500g,3
2025-11-28,Jarabe_Vainilla,4
2025-11-29,Cafe_Grano_1kg,20
2025-11-29,Vasos_Descartables_8oz,199
2025-11-29,Leche_Almendra_1L,27
2025-11-29,Azucar_Blanca_500g,8
2025-11-29,Jarabe_Vainilla,1
2025-11-30,Cafe_Grano_1kg,13
2025-11-30,Vasos_Descartables_8oz,199
2025-11-30,Leche_Almendra_1L,26
2025-11-30,Azucar_Blanca_500g,6
2025-11-30,Jarabe_Vainilla,1
2025-12-01,Cafe_Grano_1kg,17
2025-12-01,Vasos_Descartables_8oz,201
2025-12-01,Leche_Almendra_1L,22
2025-12-01,Azucar_Blanca_500g,5
2025-12-01,Jarabe_Vainilla,6
2025-12-02,Cafe_Grano_1kg,16
2025-12-02,Vasos_Descartables_8oz,194
2025-12-02,Leche_Almendra_1L,35
2025-12-02,Azucar_Blanca_500g,5
2025-12-02,Jarabe_Vainilla,4
2025-12-03,Cafe_Grano_1kg,9
2025-12-03,Vasos_Descartables_8oz,206
2025-12-03,Leche_Almendra_1L,31
2025-12-03,Azucar_Blanca_500g,6
2025-12-03,Jarabe_Vainilla,4
2025-12-04,Cafe_Grano_1kg,9
2025-12-04,Vasos_Descartables_8oz,203
2025-12-04,Leche_Almendra_1L,20
2025-12-04,Azucar_Blanca_500g,4
2025-12-04,Jarabe_Vainilla,1
2025-12-05,Cafe_Grano_1kg,8
2025-12-05,Vasos_Descartables_8oz,188
2025-12-05,Leche_Almendra_1L,38
2025-12-05,Azucar_Blanca_500g,8
2025-12-05,Jarabe_Vainilla,1
2025-12-06,Cafe_Grano_1kg,24
2025-12-06,Vasos_Descartables_8oz,208
2025-12-06,Leche_Almendra_1L,31
2025-12-06,Azucar_Blanca_500g,7
2025-12-06,Jarabe_Vainilla,5
2025-12-07,Cafe_Grano_1kg,16
2025-12-07,Vasos_Descartables_8oz,211
2025-12-07,Leche_Almendra_1L,33
2025-12-07,Azucar_Blanca_500g,3
2025-12-07,Jarabe_Vainilla,4
2025-12-08,Cafe_Grano_1kg,16
2025-12-08,Vasos_Descartables_8oz,224
2025-12-08,Leche_Almendra_1L,28
2025-12-08,Azucar_Blanca_500g,5
2025-12-08,Jarabe_Vainilla,2
2025-12-09,Cafe_Grano_1kg,19
2025-12-09,Vasos_Descartables_8oz,199
2025-12-09,Leche_Almendra_1L,35
2025-12-09,Azucar_Blanca_500g,4
2025-12-09,Jarabe_Vainilla,0
2025-12-10,Cafe_Grano_1kg,14
2025-12-10,Vasos_Descartables_8oz,200
2025-12-10,Leche_Almendra_1L,22
2025-12-10,Azucar_Blanca_500g,4
2025-12-10,Jarabe_Vainilla,2
2025-12-11,Cafe_Grano_1kg,12
2025-12-11,Vasos_Descartables_8oz,181
2025-12-11,Leche_Almendra_1L,22
2025-12-11,Azucar_Blanca_500g,5
2025-12-11,Jarabe_Vainilla,3
2025-12-12,Cafe_Grano_1kg,20
2025-12-12,Vasos_Descartables_8oz,186
2025-12-12,Leche_Almendra_1L,29
2025-12-12,Azucar_Blanca_500g,2
2025-12-12,Jarabe_Vainilla,2
2025-12-13,Cafe_Grano_1kg,12
2025-12-13,Vasos_Descartables_8oz,182
2025-12-13,Leche_Almendra_1L,25
2025-12-13,Azucar_Blanca_500g,6
2025-12-13,Jarabe_Vainilla,2
2025-12-14,Cafe_Grano_1kg,15
2025-12-14,Vasos_Descartables_8oz,193
2025-12-14,Leche_Almendra_1L,30
2025-12-14,Azucar_Blanca_500g,9
2025-12-14,Jarabe_Vainilla,1
2025-12-15,Cafe_Grano_1kg,21
2025-12-15,Vasos_Descartables_8oz,206
2025-12-15,Leche_Almendra_1L,38
2025-12-15,Azucar_Blanca_500g,3
2025-12-15,Jarabe_Vainilla,3
2025-12-16,Cafe_Grano_1kg,8
2025-12-16,Vasos_Descartables_8oz,210
2025-12-16,Leche_Almendra_1L,26
2025-12-16,Azucar_Blanca_500g,4
2025-12-16,Jarabe_Vainilla,3
2025-12-17,Cafe_Grano_1kg,12
2025-12-17,Vasos_Descartables_8oz,205
2025-12-17,Leche_Almendra_1L,25
2025-12-17,Azucar_Blanca_500g,5
2025-12-17,Jarabe_Vainilla,6
2025-12-18,Cafe_Grano_1kg,17
2025-12-18,Vasos_Descartables_8oz,193
2025-12-18,Leche_Almendra_1L,25
2025-12-18,Azucar_Blanca_500g,5
2025-12-18,Jarabe_Vainilla,3
2025-12-19,Cafe_Grano_1kg,12
2025-12-19,Vasos_Descartables_8oz,198
2025-12-19,Leche_Almendra_1L,34
2025-12-19,Azucar_Blanca_500g,5
2025-12-19,Jarabe_Vainilla,1
2025-12-20,Cafe_Grano_1kg,11
2025-12-20,Vasos_Descartables_8oz,216
2025-12-20,Leche_Almendra_1L,31
2025-12-20,Azucar_Blanca_500g,7
2025-12-20,Jarabe_Vainilla,1
2025-12-21,Cafe_Grano_1kg,12
2025-12-21,Vasos_Descartables_8oz,196
2025-12-21,Leche_Almendra_1L,25
2025-12-21,Azucar_Blanca_500g,6
2025-12-21,Jarabe_Vainilla,1
2025-12-22,Cafe_Grano_1kg,18
2025-12-22,Vasos_Descartables_8oz,235
2025-12-22,Leche_Almendra_1L,27
2025-12-22,Azucar_Blanca_500g,8
2025-12-22,Jarabe_Vainilla,2
2025-12-23,Cafe_Grano_1kg,16
2025-12-23,Vasos_Descartables_8oz,213
2025-12-23,Leche_Almendra_1L,31
2025-12-23,Azucar_Blanca_500g,5
2025-12-23,Jarabe_Vainilla,5
2025-12-24,Cafe_Grano_1kg,7
2025-12-24,Vasos_Descartables_8oz,213
2025-12-24,Leche_Almendra_1L,35
2025-12-24,Azucar_Blanca_500g,4
2025-12-24,Jarabe_Vainilla,6
2025-12-25,Cafe_Grano_1kg,17
2025-12-25,Vasos_Descartables_8oz,180
2025-12-25,Leche_Almendra_1L,36
2025-12-25,Azucar_Blanca_500g,5
2025-12-25,Jarabe_Vainilla,0
2025-12-26,Cafe_Grano_1kg,19
2025-12-26,Vasos_Descartables_8oz,201
2025-12-26,Leche_Almendra_1L,41
2025-12-26,Azucar_Blanca_500g,7
2025-12-26,Jarabe_Vainilla,2
2025-12-27,Cafe_Grano_1kg,14
2025-12-27,Vasos_Descartables_8oz,212
2025-12-27,Leche_Almendra_1L,32
2025-12-27,Azucar_Blanca_500g,4
2025-12-27,Jarabe_Vainilla,2
2025-12-28,Cafe_Grano_1kg,21
2025-12-28,Vasos_Descartables_8oz,190
2025-12-28,Leche_Almendra_1L,29
2025-12-28,Azucar_Blanca_500g,2
2025-12-28,Jarabe_Vainilla,2
2025-12-29,Cafe_Grano_1kg,15
2025-12-29,Vasos_Descartables_8oz,194
2025-12-29,Leche_Almendra_1L,41
2025-12-29,Azucar_Blanca_500g,6
2025-12-29,Jarabe_Vainilla,5
2025-12-30,Cafe_Grano_1kg,10
2025-12-30,Vasos_Descartables_8oz,189
2025-12-30,Leche_Almendra_1L,31
2025-12-30,Azucar_Blanca_500g,3
2025-12-30,Jarabe_Vainilla,2
2025-12-31,Cafe_Grano_1kg,14
2025-12-31,Vasos_Descartables_8oz,217
2025-12-31,Leche_Almendra_1L,29
2025-12-31,Azucar_Blanca_500g,5
2025-12-31,Jarabe_Vainilla,1
2026-01-01,Cafe_Grano_1kg,11
2026-01-01,Vasos_Descartables_8oz,184
2026-01-01,Leche_Almendra_1L,34
2026-01-01,Azucar_Blanca_500g,8
2026-01-01,Jarabe_Vainilla,1
2026-01-02,Cafe_Grano_1kg,21
2026-01-02,Vasos_Descartables_8oz,200
2026-01-02,Leche_Almendra_1L,33
2026-01-02,Azucar_Blanca_500g,7
2026-01-02,Jarabe_Vainilla,5
2026-01-03,Cafe_Grano_1kg,17
2026-01-03,Vasos_Descartables_8oz,192
2026-01-03,Leche_Almendra_1L,39
2026-01-03,Azucar_Blanca_500g,3
2026-01-03,Jarabe_Vainilla,3
2026-01-04,Cafe_Grano_1kg,16
2026-01-04,Vasos_Descartables_8oz,220
2026-01-04,Leche_Almendra_1L,33
2026-01-04,Azucar_Blanca_500g,4
2026-01-04,Jarabe_Vainilla,4
2026-01-05,Cafe_Grano_1kg,18
2026-01-05,Vasos_Descartables_8oz,217
2026-01-05,Leche_Almendra_1L,31
2026-01-05,Azucar_Blanca_500g,7
2026-01-05,Jarabe_Vainilla,3
2026-01-06,Cafe_Grano_1kg,12
2026-01-06,Vasos_Descartables_8oz,194
2026-01-06,Leche_Almendra_1L,34
2026-01-06,Azucar_Blanca_500g,7
2026-01-06,Jarabe_Vainilla,2
2026-01-07,Cafe_Grano_1kg,11
2026-01-07,Vasos_Descartables_8oz,188
2026-01-07,Leche_Almendra_1L,26
2026-01-07,Azucar_Blanca_500g,4
2026-01-07,Jarabe_Vainilla,7
2026-01-08,Cafe_Grano_1kg,21
2026-01-08,Vasos_Descartables_8oz,202
2026-01-08,Leche_Almendra_1L,29
2026-01-08,Azucar_Blanca_500g,6
2026-01-08,Jarabe_Vainilla,4
2026-01-09,Cafe_Grano_1kg,21
2026-01-09,Vasos_Descartables_8oz,214
2026-01-09,Leche_Almendra_1L,27
2026-01-09,Azucar_Blanca_500g,5
2026-01-09,Jarabe_Vainilla,1
2026-01-10,Cafe_Grano_1kg,15
2026-01-10,Vasos_Descartables_8oz,204
2026-01-10,Leche_Almendra_1L,27
2026-01-10,Azucar_Blanca_500g,6
2026-01-10,Jarabe_Vainilla,1
2026-01-11,Cafe_Grano_1kg,19
2026-01-11,Vasos_Descartables_8oz,217
2026-01-11,Leche_Almendra_1L,32
2026-01-11,Azucar_Blanca_500g,7
2026-01-11,Jarabe_Vainilla,5
2026-01-12,Cafe_Grano_1kg,16
2026-01-12,Vasos_Descartables_8oz,204
2026-01-12,Leche_Almendra_1L,25
2026-01-12,Azucar_Blanca_500g,6
2026-01-12,Jarabe_Vainilla,2
2026-01-13,Cafe_Grano_1kg,12
2026-01-13,Vasos_Descartables_8oz,199
2026-01-13,Leche_Almendra_1L,23
2026-01-13,Azucar_Blanca_500g,5
2026-01-13,Jarabe_Vainilla,2
2026-01-14,Cafe_Grano_1kg,5
2026-01-14,Vasos_Descartables_8oz,193
2026-01-14,Leche_Almendra_1L,31
2026-01-14,Azucar_Blanca_500g,4
2026-01-14,Jarabe_Vainilla,1
2026-01-15,Cafe_Grano_1kg,15
2026-01-15,Vasos_Descartables_8oz,200
2026-01-15,Leche_Almendra_1L,26
2026-01-15,Azucar_Blanca_500g,9
2026-01-15,Jarabe_Vainilla,1
2026-01-16,Cafe_Grano_1kg,12
2026-01-16,Vasos_Descartables_8oz,204
2026-01-16,Leche_Almendra_1L,22
2026-01-16,Azucar_Blanca_500g,4
2026-01-16,Jarabe_Vainilla,1
2026-01-17,Cafe_Grano_1kg,17
2026-01-17,Vasos_Descartables_8oz,194
2026-01-17,Leche_Almendra_1L,39
2026-01-17,Azucar_Blanca_500g,4
2026-01-17,Jarabe_Vainilla,2
2026-01-18,Cafe_Grano_1kg,14
2026-01-18,Vasos_Descartables_8oz,199
2026-01-18,Leche_Almendra_1L,17
2026-01-18,Azucar_Blanca_500g,8
2026-01-18,Jarabe_Vainilla,7
2026-01-19,Cafe_Grano_1kg,13
2026-01-19,Vasos_Descartables_8oz,195
2026-01-19,Leche_Almendra_1L,33
2026-01-19,Azucar_Blanca_500g,3
2026-01-19,Jarabe_Vainilla,2
2026-01-20,Cafe_Grano_1kg,17
2026-01-20,Vasos_Descartables_8oz,174
2026-01-20,Leche_Almendra_1L,27
2026-01-20,Azucar_Blanca_500g,6
2026-01-20,Jarabe_Vainilla,1
2026-01-21,Cafe_Grano_1kg,14
2026-01-21,Vasos_Descartables_8oz,184
2026-01-21,Leche_Almendra_1L,34
2026-01-21,Azucar_Blanca_500g,6
2026-01-21,Jarabe_Vainilla,5
2026-01-22,Cafe_Grano_1kg,13
2026-01-22,Vasos_Descartables_8oz,183
2026-01-22,Leche_Almendra_1L,31
2026-01-22,Azucar_Blanca_500g,4
2026-01-22,Jarabe_Vainilla,1
2026-01-23,Cafe_Grano_1kg,16
2026-01-23,Vasos_Descartables_8oz,203
2026-01-23,Leche_Almendra_1L,29
2026-01-23,Azucar_Blanca_500g,8
2026-01-23,Jarabe_Vainilla,0
2026-01-24,Cafe_Grano_1kg,15
2026-01-24,Vasos_Descartables_8oz,223
2026-01-24,Leche_Almendra_1L,30
2026-01-24,Azucar_Blanca_500g,4
2026-01-24,Jarabe_Vainilla,5
2026-01-25,Cafe_Grano_1kg,20
2026-01-25,Vasos_Descartables_8oz,195
2026-01-25,Leche_Almendra_1L,25
2026-01-25,Azucar_Blanca_500g,11
2026-01-25,Jarabe_Vainilla,2
2026-01-26,Cafe_Grano_1kg,14
2026-01-26,Vasos_Descartables_8oz,205
2026-01-26,Leche_Almendra_1L,33
2026-01-26,Azucar_Blanca_500g,5
2026-01-26,Jarabe_Vainilla,2
2026-01-27,Cafe_Grano_1kg,19
2026-01-27,Vasos_Descartables_8oz,216
2026-01-27,Leche_Almendra_1L,23
2026-01-27,Azucar_Blanca_500g,7
2026-01-27,Jarabe_Vainilla,2
2026-01-28,Cafe_Grano_1kg,13
2026-01-28,Vasos_Descartables_8oz,201
2026-01-28,Leche_Almendra_1L,20
2026-01-28,Azucar_Blanca_500g,3
2026-01-28,Jarabe_Vainilla,2
2026-01-29,Cafe_Grano_1kg,12
2026-01-29,Vasos_Descartables_8oz,226
2026-01-29,Leche_Almendra_1L,39
2026-01-29,Azucar_Blanca_500g,7
2026-01-29,Jarabe_Vainilla,5
2026-01-30,Cafe_Grano_1kg,17
2026-01-30,Vasos_Descartables_8oz,209
2026-01-30,Leche_Almendra_1L,35
2026-01-30,Azucar_Blanca_500g,5
2026-01-30,Jarabe_Vainilla,2
2026-01-31,Cafe_Grano_1kg,18
2026-01-31,Vasos_Descartables_8oz,167
2026-01-31,Leche_Almendra_1L,33
2026-01-31,Azucar_Blanca_500g,1
2026-01-31,Jarabe_Vainilla,3
2026-02-01,Cafe_Grano_1kg,13
2026-02-01,Vasos_Descartables_8oz,216
2026-02-01,Leche_Almendra_1L,29
2026-02-01,Azucar_Blanca_500g,5
2026-02-01,Jarabe_Vainilla,2
2026-02-02,Cafe_Grano_1kg,11
2026-02-02,Vasos_Descartables_8oz,209
2026-02-02,Leche_Almendra_1L,22
2026-02-02,Azucar_Blanca_500g,4
2026-02-02,Jarabe_Vainilla,2
2026-02-03,Cafe_Grano_1kg,13
2026-02-03,Vasos_Descartables_8oz,197
2026-02-03,Leche_Almendra_1L,37
2026-02-03,Azucar_Blanca_500g,7
2026-02-03,Jarabe_Vainilla,4
2026-02-04,Cafe_Grano_1kg,18
2026-02-04,Vasos_Descartables_8oz,220
2026-02-04,Leche_Almendra_1L,28
2026-02-04,Azucar_Blanca_500g,4
2026-02-04,Jarabe_Vainilla,2
2026-02-05,Cafe_Grano_1kg,10
2026-02-05,Vasos_Descartables_8oz,200
2026-02-05,Leche_Almendra_1L,30
2026-02-05,Azucar_Blanca_500g,1
2026-02-05,Jarabe_Vainilla,6
2026-02-06,Cafe_Grano_1kg,28
2026-02-06,Vasos_Descartables_8oz,214
2026-02-06,Leche_Almendra_1L,26
2026-02-06,Azucar_Blanca_500g,5
2026-02-06,Jarabe_Vainilla,4
2026-02-07,Cafe_Grano_1kg,18
2026-02-07,Vasos_Descartables_8oz,196
2026-02-07,Leche_Almendra_1L,19
2026-02-07,Azucar_Blanca_500g,4
2026-02-07,Jarabe_Vainilla,6
2026-02-08,Cafe_Grano_1kg,13
2026-02-08,Vasos_Descartables_8oz,186
2026-02-08,Leche_Almendra_1L,32
2026-02-08,Azucar_Blanca_500g,6
2026-02-08,Jarabe_Vainilla,3
2026-02-09,Cafe_Grano_1kg,7
2026-02-09,Vasos_Descartables_8oz,198
2026-02-09,Leche_Almendra_1L,43
2026-02-09,Azucar_Blanca_500g,3
2026-02-09,Jarabe_Vainilla,4
2026-02-10,Cafe_Grano_1kg,6
2026-02-10,Vasos_Descartables_8oz,198
2026-02-10,Leche_Almendra_1L,37
2026-02-10,Azucar_Blanca_500g,9
2026-02-10,Jarabe_Vainilla,1
2026-02-11,Cafe_Grano_1kg,18
2026-02-11,Vasos_Descartables_8oz,199
2026-02-11,Leche_Almendra_1L,26
2026-02-11,Azucar_Blanca_500g,5
2026-02-11,Jarabe_Vainilla,0
2026-02-12,Cafe_Grano_1kg,12
2026-02-12,Vasos_Descartables_8oz,188
2026-02-12,Leche_Almendra_1L,36
2026-02-12,Azucar_Blanca_500g,2
2026-02-12,Jarabe_Vainilla,2
2026-02-13,Cafe_Grano_1kg,12
2026-02-13,Vasos_Descartables_8oz,195
2026-02-13,Leche_Almendra_1L,42
2026-02-13,Azucar_Blanca_500g,6
2026-02-13,Jarabe_Vainilla,2
2026-02-14,Cafe_Grano_1kg,15
2026-02-14,Vasos_Descartables_8oz,163
2026-02-14,Leche_Almendra_1L,31
2026-02-14,Azucar_Blanca_500g,9
2026-02-14,Jarabe_Vainilla,2
2026-02-15,Cafe_Grano_1kg,16
2026-02-15,Vasos_Descartables_8oz,193
2026-02-15,Leche_Almendra_1L,25
2026-02-15,Azucar_Blanca_500g,6
2026-02-15,Jarabe_Vainilla,4
2026-02-16,Cafe_Grano_1kg,15
2026-02-16,Vasos_Descartables_8oz,197
2026-02-16,Leche_Almendra_1L,23
2026-02-16,Azucar_Blanca_500g,0
2026-02-16,Jarabe_Vainilla,2
2026-02-17,Cafe_Grano_1kg,27
2026-02-17,Vasos_Descartables_8oz,192
2026-02-17,Leche_Almendra_1L,25
2026-02-17,Azucar_Blanca_500g,8
2026-02-17,Jarabe_Vainilla,3
2026-02-18,Cafe_Grano_1kg,14
2026-02-18,Vasos_Descartables_8oz,207
2026-02-18,Leche_Almendra_1L,31
2026-02-18,Azucar_Blanca_500g,4
2026-02-18,Jarabe_Vainilla,2
2026-02-19,Cafe_Grano_1kg,9
2026-02-19,Vasos_Descartables_8oz,200
2026-02-19,Leche_Almendra_1L,40
2026-02-19,Azucar_Blanca_500g,9
2026-02-19,Jarabe_Vainilla,5
2026-02-20,Cafe_Grano_1kg,15
2026-02-20,Vasos_Descartables_8oz,184
2026-02-20,Leche_Almendra_1L,34
2026-02-20,Azucar_Blanca_500g,2
2026-02-20,Jarabe_Vainilla,4
2026-02-21,Cafe_Grano_1kg,19
2026-02-21,Vasos_Descartables_8oz,241
2026-02-21,Leche_Almendra_1L,30
2026-02-21,Azucar_Blanca_500g,5
2026-02-21,Jarabe_Vainilla,2
2026-02-22,Cafe_Grano_1kg,17
2026-02-22,Vasos_Descartables_8oz,189
2026-02-22,Leche_Almendra_1L,31
2026-02-22,Azucar_Blanca_500g,3
2026-02-22,Jarabe_Vainilla,2
2026-02-23,Cafe_Grano_1kg,13
2026-02-23,Vasos_Descartables_8oz,193
2026-02-23,Leche_Almendra_1L,28
2026-02-23,Azucar_Blanca_500g,5
2026-02-23,Jarabe_Vainilla,5
2026-02-24,Cafe_Grano_1kg,14
2026-02-24,Vasos_Descartables_8oz,179
2026-02-24,Leche_Almendra_1L,26
2026-02-24,Azucar_Blanca_500g,3
2026-02-24,Jarabe_Vainilla,2
2026-02-25,Cafe_Grano_1kg,18
2026-02-25,Vasos_Descartables_8oz,197
2026-02-25,Leche_Almendra_1L,28
2026-02-25,Azucar_Blanca_500g,4
2026-02-25,Jarabe_Vainilla,2
2026-02-26,Cafe_Grano_1kg,12
2026-02-26,Vasos_Descartables_8oz,204
2026-02-26,Leche_Almendra_1L,32
2026-02-26,Azucar_Blanca_500g,2
2026-02-26,Jarabe_Vainilla,4
2026-02-27,Cafe_Grano_1kg,16
2026-02-27,Vasos_Descartables_8oz,231
2026-02-27,Leche_Almendra_1L,25
2026-02-27,Azucar_Blanca_500g,3
2026-02-27,Jarabe_Vainilla,4
2026-02-28,Cafe_Grano_1kg,19
2026-02-28,Vasos_Descartables_8oz,179
2026-02-28,Leche_Almendra_1L,29
2026-02-28,Azucar_Blanca_500g,6
2026-02-28,Jarabe_Vainilla,4
2026-03-01,Cafe_Grano_1kg,9
2026-03-01,Vasos_Descartables_8oz,219
2026-03-01,Leche_Almendra_1L,25
2026-03-01,Azucar_Blanca_500g,3
2026-03-01,Jarabe_Vainilla,2
2026-03-02,Cafe_Grano_1kg,22
2026-03-02,Vasos_Descartables_8oz,186
2026-03-02,Leche_Almendra_1L,34
2026-03-02,Azucar_Blanca_500g,5
2026-03-02,Jarabe_Vainilla,4
2026-03-03,Cafe_Grano_1kg,14
2026-03-03,Vasos_Descartables_8oz,189
2026-03-03,Leche_Almendra_1L,29
2026-03-03,Azucar_Blanca_500g,5
2026-03-03,Jarabe_Vainilla,0
2026-03-04,Cafe_Grano_1kg,13
2026-03-04,Vasos_Descartables_8oz,170
2026-03-04,Leche_Almendra_1L,40
2026-03-04,Azucar_Blanca_500g,5
2026-03-04,Jarabe_Vainilla,1
2026-03-05,Cafe_Grano_1kg,19
2026-03-05,Vasos_Descartables_8oz,180
2026-03-05,Leche_Almendra_1L,27
2026-03-05,Azucar_Blanca_500g,7
2026-03-05,Jarabe_Vainilla,5
2026-03-06,Cafe_Grano_1kg,9
2026-03-06,Vasos_Descartables_8oz,202
2026-03-06,Leche_Almendra_1L,33
2026-03-06,Azucar_Blanca_500g,6
2026-03-06,Jarabe_Vainilla,2
2026-03-07,Cafe_Grano_1kg,10
2026-03-07,Vasos_Descartables_8oz,209
2026-03-07,Leche_Almendra_1L,30
2026-03-07,Azucar_Blanca_500g,1
2026-03-07,Jarabe_Vainilla,2
2026-03-08,Cafe_Grano_1kg,13
2026-03-08,Vasos_Descartables_8oz,188
2026-03-08,Leche_Almendra_1L,32
2026-03-08,Azucar_Blanca_500g,2
2026-03-08,Jarabe_Vainilla,4
2026-03-09,Cafe_Grano_1kg,14
2026-03-09,Vasos_Descartables_8oz,208
2026-03-09,Leche_Almendra_1L,24
2026-03-09,Azucar_Blanca_500g,6
2026-03-09,Jarabe_Vainilla,1
2026-03-10,Cafe_Grano_1kg,17
2026-03-10,Vasos_Descartables_8oz,195
2026-03-10,Leche_Almendra_1L,25
2026-03-10,Azucar_Blanca_500g,2
2026-03-10,Jarabe_Vainilla,1
2026-03-11,Cafe_Grano_1kg,16
2026-03-11,Vasos_Descartables_8oz,208
2026-03-11,Leche_Almendra_1L,31
2026-03-11,Azucar_Blanca_500g,7
2026-03-11,Jarabe_Vainilla,2
2026-03-12,Cafe_Grano_1kg,14
2026-03-12,Vasos_Descartables_8oz,222
2026-03-12,Leche_Almendra_1L,20
2026-03-12,Azucar_Blanca_500g,5
2026-03-12,Jarabe_Vainilla,5
2026-03-13,Cafe_Grano_1kg,11
2026-03-13,Vasos_Descartables_8oz,195
2026-03-13,Leche_Almendra_1L,28
2026-03-13,Azucar_Blanca_500g,3
2026-03-13,Jarabe_Vainilla,3
2026-03-14,Cafe_Grano_1kg,15
2026-03-14,Vasos_Descartables_8oz,212
2026-03-14,Leche_Almendra_1L,35
2026-03-14,Azucar_Blanca_500g,6
2026-03-14,Jarabe_Vainilla,6
2026-03-15,Cafe_Grano_1kg,21
2026-03-15,Vasos_Descartables_8oz,205
2026-03-15,Leche_Almendra_1L,30
2026-03-15,Azucar_Blanca_500g,3
2026-03-15,Jarabe_Vainilla,3
2026-03-16,Cafe_Grano_1kg,11
2026-03-16,Vasos_Descartables_8oz,208
2026-03-16,Leche_Almendra_1L,36
2026-03-16,Azucar_Blanca_500g,7
2026-03-16,Jarabe_Vainilla,2
2026-03-17,Cafe_Grano_1kg,16
2026-03-17,Vasos_Descartables_8oz,207
2026-03-17,Leche_Almendra_1L,35
2026-03-17,Azucar_Blanca_500g,3
2026-03-17,Jarabe_Vainilla,1
2026-03-18,Cafe_Grano_1kg,12
2026-03-18,Vasos_Descartables_8oz,219
2026-03-18,Leche_Almendra_1L,31
2026-03-18,Azucar_Blanca_500g,10
2026-03-18,Jarabe_Vainilla,1
2026-03-19,Cafe_Grano_1kg,12
2026-03-19,Vasos_Descartables_8oz,196
2026-03-19,Leche_Almendra_1L,35
2026-03-19,Azucar_Blanca_500g,3
2026-03-19,Jarabe_Vainilla,3
2026-03-20,Cafe_Grano_1kg,19
2026-03-20,Vasos_Descartables_8oz,203
2026-03-20,Leche_Almendra_1L,37
2026-03-20,Azucar_Blanca_500g,8
2026-03-20,Jarabe_Vainilla,3
2026-03-21,Cafe_Grano_1kg,17
2026-03-21,Vasos_Descartables_8oz,209
2026-03-21,Leche_Almendra_1L,18
2026-03-21,Azucar_Blanca_500g,7
2026-03-21,Jarabe_Vainilla,2
2026-03-22,Cafe_Grano_1kg,17
2026-03-22,Vasos_Descartables_8oz,185
2026-03-22,Leche_Almendra_1L,29
2026-03-22,Azucar_Blanca_500g,2
2026-03-22,Jarabe_Vainilla,8
2026-03-23,Cafe_Grano_1kg,10
2026-03-23,Vasos_Descartables_8oz,190
2026-03-23,Leche_Almendra_1L,31
2026-03-23,Azucar_Blanca_500g,2
2026-03-23,Jarabe_Vainilla,1
2026-03-24,Cafe_Grano_1kg,16
2026-03-24,Vasos_Descartables_8oz,220
2026-03-24,Leche_Almendra_1L,25
2026-03-24,Azucar_Blanca_500g,6
2026-03-24,Jarabe_Vainilla,5
2026-03-25,Cafe_Grano_1kg,13
2026-03-25,Vasos_Descartables_8oz,176
2026-03-25,Leche_Almendra_1L,20
2026-03-25,Azucar_Blanca_500g,3
2026-03-25,Jarabe_Vainilla,1
2026-03-26,Cafe_Grano_1kg,26
2026-03-26,Vasos_Descartables_8oz,190
2026-03-26,Leche_Almendra_1L,27
2026-03-26,Azucar_Blanca_500g,3
2026-03-26,Jarabe_Vainilla,1
2026-03-27,Cafe_Grano_1kg,10
2026-03-27,Vasos_Descartables_8oz,218
2026-03-27,Leche_Almendra_1L,21
2026-03-27,Azucar_Blanca_500g,5
2026-03-27,Jarabe_Vainilla,2
2026-03-28,Cafe_Grano_1kg,15
2026-03-28,Vasos_Descartables_8oz,198
2026-03-28,Leche_Almendra_1L,36
2026-03-28,Azucar_Blanca_500g,8
2026-03-28,Jarabe_Vainilla,5
2026-03-29,Cafe_Grano_1kg,18
2026-03-29,Vasos_Descartables_8oz,199
2026-03-29,Leche_Almendra_1L,28
2026-03-29,Azucar_Blanca_500g,4
2026-03-29,Jarabe_Vainilla,2
2026-03-30,Cafe_Grano_1kg,16
2026-03-30,Vasos_Descartables_8oz,200
2026-03-30,Leche_Almendra_1L,25
2026-03-30,Azucar_Blanca_500g,4
2026-03-30,Jarabe_Vainilla,2
2026-03-31,Cafe_Grano_1kg,19
2026-03-31,Vasos_Descartables_8oz,203
2026-03-31,Leche_Almendra_1L,28
2026-03-31,Azucar_Blanca_500g,5
2026-03-31,Jarabe_Vainilla,2
2026-04-01,Cafe_Grano_1kg,20
2026-04-01,Vasos_Descartables_8oz,190
2026-04-01,Leche_Almendra_1L,37
2026-04-01,Azucar_Blanca_500g,5
2026-04-01,Jarabe_Vainilla,2
2026-04-02,Cafe_Grano_1kg,12
2026-04-02,Vasos_Descartables_8oz,199
2026-04-02,Leche_Almendra_1L,34
2026-04-02,Azucar_Blanca_500g,7
2026-04-02,Jarabe_Vainilla,0
2026-04-03,Cafe_Grano_1kg,11
2026-04-03,Vasos_Descartables_8oz,200
2026-04-03,Leche_Almendra_1L,39
2026-04-03,Azucar_Blanca_500g,2
2026-04-03,Jarabe_Vainilla,3
2026-04-04,Cafe_Grano_1kg,12
2026-04-04,Vasos_Descartables_8oz,210
2026-04-04,Leche_Almendra_1L,32
2026-04-04,Azucar_Blanca_500g,5
2026-04-04,Jarabe_Vainilla,5
2026-04-05,Cafe_Grano_1kg,8
2026-04-05,Vasos_Descartables_8oz,215
2026-04-05,Leche_Almendra_1L,35
2026-04-05,Azucar_Blanca_500g,3
2026-04-05,Jarabe_Vainilla,4
2026-04-06,Cafe_Grano_1kg,20
2026-04-06,Vasos_Descartables_8oz,190
2026-04-06,Leche_Almendra_1L,45
2026-04-06,Azucar_Blanca_500g,6
2026-04-06,Jarabe_Vainilla,2
2026-04-07,Cafe_Grano_1kg,11
2026-04-07,Vasos_Descartables_8oz,226
2026-04-07,Leche_Almendra_1L,21
2026-04-07,Azucar_Blanca_500g,5
2026-04-07,Jarabe_Vainilla,8
2026-04-08,Cafe_Grano_1kg,17
2026-04-08,Vasos_Descartables_8oz,196
2026-04-08,Leche_Almendra_1L,27
2026-04-08,Azucar_Blanca_500g,3
2026-04-08,Jarabe_Vainilla,2
2026-04-09,Cafe_Grano_1kg,18
2026-04-09,Vasos_Descartables_8oz,191
2026-04-09,Leche_Almendra_1L,27
2026-04-09,Azucar_Blanca_500g,3
2026-04-09,Jarabe_Vainilla,7
2026-04-10,Cafe_Grano_1kg,21
2026-04-10,Vasos_Descartables_8oz,193
2026-04-10,Leche_Almendra_1L,22
2026-04-10,Azucar_Blanca_500g,4
2026-04-10,Jarabe_Vainilla,2
2026-04-11,Cafe_Grano_1kg,17
2026-04-11,Vasos_Descartables_8oz,179
2026-04-11,Leche_Almendra_1L,31
2026-04-11,Azucar_Blanca_500g,7
2026-04-11,Jarabe_Vainilla,1
2026-04-12,Cafe_Grano_1kg,14
2026-04-12,Vasos_Descartables_8oz,205
2026-04-12,Leche_Almendra_1L,31
2026-04-12,Azucar_Blanca_500g,7
2026-04-12,Jarabe_Vainilla,1
2026-04-13,Cafe_Grano_1kg,15
2026-04-13,Vasos_Descartables_8oz,188
2026-04-13,Leche_Almendra_1L,35
2026-04-13,Azucar_Blanca_500g,4
2026-04-13,Jarabe_Vainilla,3
2026-04-14,Cafe_Grano_1kg,15
2026-04-14,Vasos_Descartables_8oz,184
2026-04-14,Leche_Almendra_1L,34
2026-04-14,Azucar_Blanca_500g,5
2026-04-14,Jarabe_Vainilla,5
2026-04-15,Cafe_Grano_1kg,13
2026-04-15,Vasos_Descartables_8oz,179
2026-04-15,Leche_Almendra_1L,29
2026-04-15,Azucar_Blanca_500g,3
2026-04-15,Jarabe_Vainilla,2
2026-04-16,Cafe_Grano_1kg,14
2026-04-16,Vasos_Descartables_8oz,219
2026-04-16,Leche_Almendra_1L,25
2026-04-16,Azucar_Blanca_500g,11
2026-04-16,Jarabe_Vainilla,3
2026-04-17,Cafe_Grano_1kg,19
2026-04-17,Vasos_Descartables_8oz,216
2026-04-17,Leche_Almendra_1L,28
2026-04-17,Azucar_Blanca_500g,6
2026-04-17,Jarabe_Vainilla,0
2026-04-18,Cafe_Grano_1kg,12
2026-04-18,Vasos_Descartables_8oz,196
2026-04-18,Leche_Almendra_1L,27
2026-04-18,Azucar_Blanca_500g,6
2026-04-18,Jarabe_Vainilla,3
2026-04-19,Cafe_Grano_1kg,23
2026-04-19,Vasos_Descartables_8oz,205
2026-04-19,Leche_Almendra_1L,27
2026-04-19,Azucar_Blanca_500g,3
2026-04-19,Jarabe_Vainilla,3
2026-04-20,Cafe_Grano_1kg,9
2026-04-20,Vasos_Descartables_8oz,207
2026-04-20,Leche_Almendra_1L,24
2026-04-20,Azucar_Blanca_500g,3
2026-04-20,Jarabe_Vainilla,4
2026-04-21,Cafe_Grano_1kg,14
2026-04-21,Vasos_Descartables_8oz,203
2026-04-21,Leche_Almendra_1L,35
2026-04-21,Azucar_Blanca_500g,4
2026-04-21,Jarabe_Vainilla,3
2026-04-22,Cafe_Grano_1kg,13
2026-04-22,Vasos_Descartables_8oz,168
2026-04-22,Leche_Almendra_1L,25
2026-04-22,Azucar_Blanca_500g,6
2026-04-22,Jarabe_Vainilla,2
2026-04-23,Cafe_Grano_1kg,15
2026-04-23,Vasos_Descartables_8oz,193
2026-04-23,Leche_Almendra_1L,30
2026-04-23,Azucar_Blanca_500g,5
2026-04-23,Jarabe_Vainilla,3
2026-04-24,Cafe_Grano_1kg,17
2026-04-24,Vasos_Descartables_8oz,206
2026-04-24,Leche_Almendra_1L,27
2026-04-24,Azucar_Blanca_500g,7
2026-04-24,Jarabe_Vainilla,3
2026-04-25,Cafe_Grano_1kg,17
2026-04-25,Vasos_Descartables_8oz,218
2026-04-25,Leche_Almendra_1L,29
2026-04-25,Azucar_Blanca_500g,5
2026-04-25,Jarabe_Vainilla,5
2026-04-26,Cafe_Grano_1kg,19
2026-04-26,Vasos_Descartables_8oz,191
2026-04-26,Leche_Almendra_1L,35
2026-04-26,Azucar_Blanca_500g,5
2026-04-26,Jarabe_Vainilla,5
2026-04-27,Cafe_Grano_1kg,14
2026-04-27,Vasos_Descartables_8oz,212
2026-04-27,Leche_Almendra_1L,33
2026-04-27,Azucar_Blanca_500g,3
2026-04-27,Jarabe_Vainilla,3
2026-04-28,Cafe_Grano_1kg,18
2026-04-28,Vasos_Descartables_8oz,199
2026-04-28,Leche_Almendra_1L,27
2026-04-28,Azucar_Blanca_500g,1
2026-04-28,Jarabe_Vainilla,1
2026-04-29,Cafe_Grano_1kg,16
2026-04-29,Vasos_Descartables_8oz,202
2026-04-29,Leche_Almendra_1L,26
2026-04-29,Azucar_Blanca_500g,6
2026-04-29,Jarabe_Vainilla,2
2026-04-30,Cafe_Grano_1kg,21
2026-04-30,Vasos_Descartables_8oz,183
2026-04-30,Leche_Almendra_1L,26
2026-04-30,Azucar_Blanca_500g,7
2026-04-30,Jarabe_Vainilla,2
2026-05-01,Cafe_Grano_1kg,17
2026-05-01,Vasos_Descartables_8oz,193
2026-05-01,Leche_Almendra_1L,31
2026-05-01,Azucar_Blanca_500g,4
2026-05-01,Jarabe_Vainilla,1
2026-05-02,Cafe_Grano_1kg,9
2026-05-02,Vasos_Descartables_8oz,209
2026-05-02,Leche_Almendra_1L,26
2026-05-02,Azucar_Blanca_500g,6
2026-05-02,Jarabe_Vainilla,3
2026-05-03,Cafe_Grano_1kg,9
2026-05-03,Vasos_Descartables_8oz,178
2026-05-03,Leche_Almendra_1L,30
2026-05-03,Azucar_Blanca_500g,8
2026-05-03,Jarabe_Vainilla,2
2026-05-04,Cafe_Grano_1kg,16
2026-05-04,Vasos_Descartables_8oz,208
2026-05-04,Leche_Almendra_1L,37
2026-05-04,Azucar_Blanca_500g,3
2026-05-04,Jarabe_Vainilla,4
2026-05-05,Cafe_Grano_1kg,9
2026-05-05,Vasos_Descartables_8oz,203
2026-05-05,Leche_Almendra_1L,21
2026-05-05,Azucar_Blanca_500g,4
2026-05-05,Jarabe_Vainilla,1
2026-05-06,Cafe_Grano_1kg,15
2026-05-06,Vasos_Descartables_8oz,189
2026-05-06,Leche_Almendra_1L,32
2026-05-06,Azucar_Blanca_500g,7
2026-05-06,Jarabe_Vainilla,3
2026-05-07,Cafe_Grano_1kg,13
2026-05-07,Vasos_Descartables_8oz,212
2026-05-07,Leche_Almendra_1L,27
2026-05-07,Azucar_Blanca_500g,6
2026-05-07,Jarabe_Vainilla,3
2026-05-08,Cafe_Grano_1kg,13
2026-05-08,Vasos_Descartables_8oz,184
2026-05-08,Leche_Almendra_1L,28
2026-05-08,Azucar_Blanca_500g,5
2026-05-08,Jarabe_Vainilla,1
2026-05-09,Cafe_Grano_1kg,10
2026-05-09,Vasos_Descartables_8oz,204
2026-05-09,Leche_Almendra_1L,28
2026-05-09,Azucar_Blanca_500g,3
2026-05-09,Jarabe_Vainilla,1
2026-05-10,Cafe_Grano_1kg,16
2026-05-10,Vasos_Descartables_8oz,219
2026-05-10,Leche_Almendra_1L,27
2026-05-10,Azucar_Blanca_500g,5
2026-05-10,Jarabe_Vainilla,1
2026-05-11,Cafe_Grano_1kg,14
2026-05-11,Vasos_Descartables_8oz,176
2026-05-11,Leche_Almendra_1L,34
2026-05-11,Azucar_Blanca_500g,6
2026-05-11,Jarabe_Vainilla,4
2026-05-12,Cafe_Grano_1kg,18
2026-05-12,Vasos_Descartables_8oz,196
2026-05-12,Leche_Almendra_1L,31
2026-05-12,Azucar_Blanca_500g,4
2026-05-12,Jarabe_Vainilla,3
2026-05-13,Cafe_Grano_1kg,10
2026-05-13,Vasos_Descartables_8oz,206
2026-05-13,Leche_Almendra_1L,38
2026-05-13,Azucar_Blanca_500g,2
2026-05-13,Jarabe_Vainilla,7
2026-05-14,Cafe_Grano_1kg,19
2026-05-14,Vasos_Descartables_8oz,196
2026-05-14,Leche_Almendra_1L,31
2026-05-14,Azucar_Blanca_500g,4
2026-05-14,Jarabe_Vainilla,4
2026-05-15,Cafe_Grano_1kg,8
2026-05-15,Vasos_Descartables_8oz,184
2026-05-15,Leche_Almendra_1L,25
2026-05-15,Azucar_Blanca_500g,3
2026-05-15,Jarabe_Vainilla,2
2026-05-16,Cafe_Grano_1kg,15
2026-05-16,Vasos_Descartables_8oz,174
2026-05-16,Leche_Almendra_1L,31
2026-05-16,Azucar_Blanca_500g,3
2026-05-16,Jarabe_Vainilla,0
2026-05-17,Cafe_Grano_1kg,11
2026-05-17,Vasos_Descartables_8oz,206
2026-05-17,Leche_Almendra_1L,26
2026-05-17,Azucar_Blanca_500g,2
2026-05-17,Jarabe_Vainilla,2
2026-05-18,Cafe_Grano_1kg,23
2026-05-18,Vasos_Descartables_8oz,195
2026-05-18,Leche_Almendra_1L,20
2026-05-18,Azucar_Blanca_500g,5
2026-05-18,Jarabe_Vainilla,2
2026-05-19,Cafe_Grano_1kg,24
2026-05-19,Vasos_Descartables_8oz,210
2026-05-19,Leche_Almendra_1L,28
2026-05-19,Azucar_Blanca_500g,4
2026-05-19,Jarabe_Vainilla,2
2026-05-20,Cafe_Grano_1kg,12
2026-05-20,Vasos_Descartables_8oz,189
2026-05-20,Leche_Almendra_1L,36
2026-05-20,Azucar_Blanca_500g,6
2026-05-20,Jarabe_Vainilla,5
2026-05-21,Cafe_Grano_1kg,17
2026-05-21,Vasos_Descartables_8oz,196
2026-05-21,Leche_Almendra_1L,28
2026-05-21,Azucar_Blanca_500g,4
2026-05-21,Jarabe_Vainilla,5
2026-05-22,Cafe_Grano_1kg,13
2026-05-22,Vasos_Descartables_8oz,199
2026-05-22,Leche_Almendra_1L,28
2026-05-22,Azucar_Blanca_500g,5
2026-05-22,Jarabe_Vainilla,1
2026-05-23,Cafe_Grano_1kg,13
2026-05-23,Vasos_Descartables_8oz,203
2026-05-23,Leche_Almendra_1L,33
2026-05-23,Azucar_Blanca_500g,5
2026-05-23,Jarabe_Vainilla,3
2026-05-24,Cafe_Grano_1kg,12
2026-05-24,Vasos_Descartables_8oz,229
2026-05-24,Leche_Almendra_1L,29
2026-05-24,Azucar_Blanca_500g,6
2026-05-24,Jarabe_Vainilla,8
2026-05-25,Cafe_Grano_1kg,11
2026-05-25,Vasos_Descartables_8oz,186
2026-05-25,Leche_Almendra_1L,27
2026-05-25,Azucar_Blanca_500g,4
2026-05-25,Jarabe_Vainilla,2
2026-05-26,Cafe_Grano_1kg,12
2026-05-26,Vasos_Descartables_8oz,214
2026-05-26,Leche_Almendra_1L,32
2026-05-26,Azucar_Blanca_500g,3
2026-05-26,Jarabe_Vainilla,8
2026-05-27,Cafe_Grano_1kg,20
2026-05-27,Vasos_Descartables_8oz,188
2026-05-27,Leche_Almendra_1L,26
2026-05-27,Azucar_Blanca_500g,6
2026-05-27,Jarabe_Vainilla,2
2026-05-28,Cafe_Grano_1kg,22
2026-05-28,Vasos_Descartables_8oz,212
2026-05-28,Leche_Almendra_1L,28
2026-05-28,Azucar_Blanca_500g,6
2026-05-28,Jarabe_Vainilla,3
2026-05-29,Cafe_Grano_1kg,12
2026-05-29,Vasos_Descartables_8oz,195
2026-05-29,Leche_Almendra_1L,38
2026-05-29,Azucar_Blanca_500g,4
2026-05-29,Jarabe_Vainilla,2
2026-05-30,Cafe_Grano_1kg,13
2026-05-30,Vasos_Descartables_8oz,219
2026-05-30,Leche_Almendra_1L,35
2026-05-30,Azucar_Blanca_500g,7
2026-05-30,Jarabe_Vainilla,3
2026-05-31,Cafe_Grano_1kg,24
2026-05-31,Vasos_Descartables_8oz,207
2026-05-31,Leche_Almendra_1L,27
2026-05-31,Azucar_Blanca_500g,6
2026-05-31,Jarabe_Vainilla,1
2026-06-01,Cafe_Grano_1kg,15
2026-06-01,Vasos_Descartables_8oz,195
2026-06-01,Leche_Almendra_1L,36
2026-06-01,Azucar_Blanca_500g,8
2026-06-01,Jarabe_Vainilla,6
2026-06-02,Cafe_Grano_1kg,14
2026-06-02,Vasos_Descartables_8oz,207
2026-06-02,Leche_Almendra_1L,26
2026-06-02,Azucar_Blanca_500g,5
2026-06-02,Jarabe_Vainilla,4
2026-06-03,Cafe_Grano_1kg,15
2026-06-03,Vasos_Descartables_8oz,219
2026-06-03,Leche_Almendra_1L,30
2026-06-03,Azucar_Blanca_500g,5
2026-06-03,Jarabe_Vainilla,4
2026-06-04,Cafe_Grano_1kg,14
2026-06-04,Vasos_Descartables_8oz,189
2026-06-04,Leche_Almendra_1L,30
2026-06-04,Azucar_Blanca_500g,5
2026-06-04,Jarabe_Vainilla,2
2026-06-05,Cafe_Grano_1kg,11
2026-06-05,Vasos_Descartables_8oz,173
2026-06-05,Leche_Almendra_1L,40
2026-06-05,Azucar_Blanca_500g,4
2026-06-05,Jarabe_Vainilla,2
2026-06-06,Cafe_Grano_1kg,7
2026-06-06,Vasos_Descartables_8oz,163
2026-06-06,Leche_Almendra_1L,35
2026-06-06,Azucar_Blanca_500g,5
2026-06-06,Jarabe_Vainilla,6
2026-06-07,Cafe_Grano_1kg,20
2026-06-07,Vasos_Descartables_8oz,209
2026-06-07,Leche_Almendra_1L,25
2026-06-07,Azucar_Blanca_500g,2
2026-06-07,Jarabe_Vainilla,2
2026-06-08,Cafe_Grano_1kg,8
2026-06-08,Vasos_Descartables_8oz,202
2026-06-08,Leche_Almendra_1L,29
2026-06-08,Azucar_Blanca_500g,6
2026-06-08,Jarabe_Vainilla,2
2026-06-09,Cafe_Grano_1kg,10
2026-06-09,Vasos_Descartables_8oz,181
2026-06-09,Leche_Almendra_1L,39
2026-06-09,Azucar_Blanca_500g,6
2026-06-09,Jarabe_Vainilla,1
2026-06-10,Cafe_Grano_1kg,15
2026-06-10,Vasos_Descartables_8oz,227
2026-06-10,Leche_Almendra_1L,25
2026-06-10,Azucar_Blanca_500g,4
2026-06-10,Jarabe_Vainilla,2
2026-06-11,Cafe_Grano_1kg,15
2026-06-11,Vasos_Descartables_8oz,210
2026-06-11,Leche_Almendra_1L,23
2026-06-11,Azucar_Blanca_500g,3
2026-06-11,Jarabe_Vainilla,4
2026-06-12,Cafe_Grano_1kg,11
2026-06-12,Vasos_Descartables_8oz,231
2026-06-12,Leche_Almendra_1L,35
2026-06-12,Azucar_Blanca_500g,6
2026-06-12,Jarabe_Vainilla,5
2026-06-13,Cafe_Grano_1kg,13
2026-06-13,Vasos_Descartables_8oz,206
2026-06-13,Leche_Almendra_1L,23
2026-06-13,Azucar_Blanca_500g,4
2026-06-13,Jarabe_Vainilla,4
2026-06-14,Cafe_Grano_1kg,19
2026-06-14,Vasos_Descartables_8oz,199
2026-06-14,Leche_Almendra_1L,24
2026-06-14,Azucar_Blanca_500g,3
2026-06-14,Jarabe_Vainilla,2
2026-06-15,Cafe_Grano_1kg,16
2026-06-15,Vasos_Descartables_8oz,195
2026-06-15,Leche_Almendra_1L,23
2026-06-15,Azucar_Blanca_500g,2
2026-06-15,Jarabe_Vainilla,2
2026-06-16,Cafe_Grano_1kg,22
2026-06-16,Vasos_Descartables_8oz,240
2026-06-16,Leche_Almendra_1L,34
2026-06-16,Azucar_Blanca_500g,6
2026-06-16,Jarabe_Vainilla,5
2026-06-17,Cafe_Grano_1kg,20
2026-06-17,Vasos_Descartables_8oz,189
2026-06-17,Leche_Almendra_1L,25
2026-06-17,Azucar_Blanca_500g,8
2026-06-17,Jarabe_Vainilla,5
2026-06-18,Cafe_Grano_1kg,16
2026-06-18,Vasos_Descartables_8oz,214
2026-06-18,Leche_Almendra_1L,28
2026-06-18,Azucar_Blanca_500g,6
2026-06-18,Jarabe_Vainilla,3
2026-06-19,Cafe_Grano_1kg,18
2026-06-19,Vasos_Descartables_8oz,197
2026-06-19,Leche_Almendra_1L,38
2026-06-19,Azucar_Blanca_500g,4
2026-06-19,Jarabe_Vainilla,0
2026-06-20,Cafe_Grano_1kg,12
2026-06-20,Vasos_Descartables_8oz,216
2026-06-20,Leche_Almendra_1L,23
2026-06-20,Azucar_Blanca_500g,7
2026-06-20,Jarabe_Vainilla,2
2026-06-21,Cafe_Grano_1kg,19
2026-06-21,Vasos_Descartables_8oz,196
2026-06-21,Leche_Almendra_1L,37
2026-06-21,Azucar_Blanca_500g,5
2026-06-21,Jarabe_Vainilla,3
2026-06-22,Cafe_Grano_1kg,11
2026-06-22,Vasos_Descartables_8oz,164
2026-06-22,Leche_Almendra_1L,31
2026-06-22,Azucar_Blanca_500g,7
2026-06-22,Jarabe_Vainilla,2
2026-06-23,Cafe_Grano_1kg,15
2026-06-23,Vasos_Descartables_8oz,204
2026-06-23,Leche_Almendra_1L,28
2026-06-23,Azucar_Blanca_500g,10
2026-06-23,Jarabe_Vainilla,2
2026-06-24,Cafe_Grano_1kg,19
2026-06-24,Vasos_Descartables_8oz,176
2026-06-24,Leche_Almendra_1L,33
2026-06-24,Azucar_Blanca_500g,7
2026-06-24,Jarabe_Vainilla,0
2026-06-25,Cafe_Grano_1kg,15
2026-06-25,Vasos_Descartables_8oz,224
2026-06-25,Leche_Almendra_1L,31
2026-06-25,Azucar_Blanca_500g,5
2026-06-25,Jarabe_Vainilla,2
2026-06-26,Cafe_Grano_1kg,12
2026-06-26,Vasos_Descartables_8oz,200
2026-06-26,Leche_Almendra_1L,19
2026-06-26,Azucar_Blanca_500g,1
2026-06-26,Jarabe_Vainilla,1
2026-06-27,Cafe_Grano_1kg,9
2026-06-27,Vasos_Descartables_8oz,197
2026-06-27,Leche_Almendra_1L,26
2026-06-27,Azucar_Blanca_500g,3
2026-06-27,Jarabe_Vainilla,2
2026-06-28,Cafe_Grano_1kg,13
2026-06-28,Vasos_Descartables_8oz,204
2026-06-28,Leche_Almendra_1L,26
2026-06-28,Azucar_Blanca_500g,6
2026-06-28,Jarabe_Vainilla,4
2026-06-29,Cafe_Grano_1kg,13
2026-06-29,Vasos_Descartables_8oz,202
2026-06-29,Leche_Almendra_1L,22
2026-06-29,Azucar_Blanca_500g,6
2026-06-29,Jarabe_Vainilla,3
2026-06-30,Cafe_Grano_1kg,20
2026-06-30,Vasos_Descartables_8oz,221
2026-06-30,Leche_Almendra_1L,23
2026-06-30,Azucar_Blanca_500g,5
2026-06-30,Jarabe_Vainilla,4
2026-07-01,Cafe_Grano_1kg,13
2026-07-01,Vasos_Descartables_8oz,187
2026-07-01,Leche_Almendra_1L,25
2026-07-01,Azucar_Blanca_500g,2
2026-07-01,Jarabe_Vainilla,0
2026-07-02,Cafe_Grano_1kg,14
2026-07-02,Vasos_Descartables_8oz,220
2026-07-02,Leche_Almendra_1L,31
2026-07-02,Azucar_Blanca_500g,8
2026-07-02,Jarabe_Vainilla,3
2026-07-03,Cafe_Grano_1kg,22
2026-07-03,Vasos_Descartables_8oz,213
2026-07-03,Leche_Almendra_1L,19
2026-07-03,Azucar_Blanca_500g,8
2026-07-03,Jarabe_Vainilla,3
2026-07-04,Cafe_Grano_1kg,13
2026-07-04,Vasos_Descartables_8oz,196
2026-07-04,Leche_Almendra_1L,29
2026-07-04,Azucar_Blanca_500g,2
2026-07-04,Jarabe_Vainilla,2
2026-07-05,Cafe_Grano_1kg,14
2026-07-05,Vasos_Descartables_8oz,203
2026-07-05,Leche_Almendra_1L,23
2026-07-05,Azucar_Blanca_500g,5
2026-07-05,Jarabe_Vainilla,2
2026-07-06,Cafe_Grano_1kg,14
2026-07-06,Vasos_Descartables_8oz,223
2026-07-06,Leche_Almendra_1L,31
2026-07-06,Azucar_Blanca_500g,6
2026-07-06,Jarabe_Vainilla,2
2026-07-07,Cafe_Grano_1kg,16
2026-07-07,Vasos_Descartables_8oz,219
2026-07-07,Leche_Almendra_1L,36
2026-07-07,Azucar_Blanca_500g,4
2026-07-07,Jarabe_Vainilla,3
2026-07-08,Cafe_Grano_1kg,12
2026-07-08,Vasos_Descartables_8oz,199
2026-07-08,Leche_Almendra_1L,24
2026-07-08,Azucar_Blanca_500g,9
2026-07-08,Jarabe_Vainilla,2
2026-07-09,Cafe_Grano_1kg,11
2026-07-09,Vasos_Descartables_8oz,182
2026-07-09,Leche_Almendra_1L,32
2026-07-09,Azucar_Blanca_500g,2
2026-07-09,Jarabe_Vainilla,5
2026-07-10,Cafe_Grano_1kg,13
2026-07-10,Vasos_Descartables_8oz,200
2026-07-10,Leche_Almendra_1L,23
2026-07-10,Azucar_Blanca_500g,4
2026-07-10,Jarabe_Vainilla,1
2026-07-11,Cafe_Grano_1kg,10
2026-07-11,Vasos_Descartables_8oz,200
2026-07-11,Leche_Almendra_1L,27
2026-07-11,Azucar_Blanca_500g,6
2026-07-11,Jarabe_Vainilla,3
2026-07-12,Cafe_Grano_1kg,25
2026-07-12,Vasos_Descartables_8oz,198
2026-07-12,Leche_Almendra_1L,26
2026-07-12,Azucar_Blanca_500g,7
2026-07-12,Jarabe_Vainilla,5
2026-07-13,Cafe_Grano_1kg,18
2026-07-13,Vasos_Descartables_8oz,195
2026-07-13,Leche_Almendra_1L,29
2026-07-13,Azucar_Blanca_500g,6
2026-07-13,Jarabe_Vainilla,2
2026-07-14,Cafe_Grano_1kg,17
2026-07-14,Vasos_Descartables_8oz,198
2026-07-14,Leche_Almendra_1L,31
2026-07-14,Azucar_Blanca_500g,6
2026-07-14,Jarabe_Vainilla,3
2026-07-15,Cafe_Grano_1kg,12
2026-07-15,Vasos_Descartables_8oz,198
2026-07-15,Leche_Almendra_1L,30
2026-07-15,Azucar_Blanca_500g,3
2026-07-15,Jarabe_Vainilla,2
2026-07-16,Cafe_Grano_1kg,15
2026-07-16,Vasos_Descartables_8oz,186
2026-07-16,Leche_Almendra_1L,29
2026-07-16,Azucar_Blanca_500g,5
2026-07-16,Jarabe_Vainilla,1
2026-07-17,Cafe_Grano_1kg,16
2026-07-17,Vasos_Descartables_8oz,187
2026-07-17,Leche_Almendra_1L,29
2026-07-17,Azucar_Blanca_500g,3
2026-07-17,Jarabe_Vainilla,3
2026-07-18,Cafe_Grano_1kg,12
2026-07-18,Vasos_Descartables_8oz,187
2026-07-18,Leche_Almendra_1L,33
2026-07-18,Azucar_Blanca_500g,6
2026-07-18,Jarabe_Vainilla,2
2026-07-19,Cafe_Grano_1kg,20
2026-07-19,Vasos_Descartables_8oz,208
2026-07-19,Leche_Almendra_1L,19
2026-07-19,Azucar_Blanca_500g,1
2026-07-19,Jarabe_Vainilla,4
2026-07-20,Cafe_Grano_1kg,12
2026-07-20,Vasos_Descartables_8oz,210
2026-07-20,Leche_Almendra_1L,33
2026-07-20,Azucar_Blanca_500g,6
2026-07-20,Jarabe_Vainilla,5
2026-07-21,Cafe_Grano_1kg,12
2026-07-21,Vasos_Descartables_8oz,192
2026-07-21,Leche_Almendra_1L,30
2026-07-21,Azucar_Blanca_500g,6
2026-07-21,Jarabe_Vainilla,4
2026-07-22,Cafe_Grano_1kg,19
2026-07-22,Vasos_Descartables_8oz,206
2026-07-22,Leche_Almendra_1L,30
2026-07-22,Azucar_Blanca_500g,3
2026-07-22,Jarabe_Vainilla,3
2026-07-23,Cafe_Grano_1kg,10
2026-07-23,Vasos_Descartables_8oz,183
2026-07-23,Leche_Almendra_1L,30
2026-07-23,Azucar_Blanca_500g,5
2026-07-23,Jarabe_Vainilla,1
2026-07-24,Cafe_Grano_1kg,12
2026-07-24,Vasos_Descartables_8oz,190
2026-07-24,Leche_Almendra_1L,41
2026-07-24,Azucar_Blanca_500g,6
2026-07-24,Jarabe_Vainilla,4
2026-07-25,Cafe_Grano_1kg,17
2026-07-25,Vasos_Descartables_8oz,251
2026-07-25,Leche_Almendra_1L,36
2026-07-25,Azucar_Blanca_500g,6
2026-07-25,Jarabe_Vainilla,4
2026-07-26,Cafe_Grano_1kg,14
2026-07-26,Vasos_Descartables_8oz,226
2026-07-26,Leche_Almendra_1L,27
2026-07-26,Azucar_Blanca_500g,4
2026-07-26,Jarabe_Vainilla,4
2026-07-27,Cafe_Grano_1kg,10
2026-07-27,Vasos_Descartables_8oz,218
2026-07-27,Leche_Almendra_1L,29
2026-07-27,Azucar_Blanca_500g,4
2026-07-27,Jarabe_Vainilla,4
2026-07-28,Cafe_Grano_1kg,14
2026-07-28,Vasos_Descartables_8oz,202
2026-07-28,Leche_Almendra_1L,34
2026-07-28,Azucar_Blanca_500g,2
2026-07-28,Jarabe_Vainilla,1
2026-07-29,Cafe_Grano_1kg,19
2026-07-29,Vasos_Descartables_8oz,168
2026-07-29,Leche_Almendra_1L,36
2026-07-29,Azucar_Blanca_500g,3
2026-07-29,Jarabe_Vainilla,5
2026-07-30,Cafe_Grano_1kg,13
2026-07-30,Vasos_Descartables_8oz,181
2026-07-30,Leche_Almendra_1L,32
2026-07-30,Azucar_Blanca_500g,7
2026-07-30,Jarabe_Vainilla,4
2026-07-31,Cafe_Grano_1kg,24
2026-07-31,Vasos_Descartables_8oz,203
2026-07-31,Leche_Almendra_1L,34
2026-07-31,Azucar_Blanca_500g,4
2026-07-31,Jarabe_Vainilla,4
2026-08-01,Cafe_Grano_1kg,12
2026-08-01,Vasos_Descartables_8oz,208
2026-08-01,Leche_Almendra_1L,34
2026-08-01,Azucar_Blanca_500g,5
2026-08-01,Jarabe_Vainilla,3
2026-08-02,Cafe_Grano_1kg,21
2026-08-02,Vasos_Descartables_8oz,206
2026-08-02,Leche_Almendra_1L,29
2026-08-02,Azucar_Blanca_500g,4
2026-08-02,Jarabe_Vainilla,1
2026-08-03,Cafe_Grano_1kg,14
2026-08-03,Vasos_Descartables_8oz,182
2026-08-03,Leche_Almendra_1L,32
2026-08-03,Azucar_Blanca_500g,4
2026-08-03,Jarabe_Vainilla,5
2026-08-04,Cafe_Grano_1kg,21
2026-08-04,Vasos_Descartables_8oz,184
2026-08-04,Leche_Almendra_1L,25
2026-08-04,Azucar_Blanca_500g,6
2026-08-04,Jarabe_Vainilla,4
2026-08-05,Cafe_Grano_1kg,20
2026-08-05,Vasos_Descartables_8oz,189
2026-08-05,Leche_Almendra_1L,26
2026-08-05,Azucar_Blanca_500g,4
2026-08-05,Jarabe_Vainilla,2
2026-08-06,Cafe_Grano_1kg,19
2026-08-06,Vasos_Descartables_8oz,206
2026-08-06,Leche_Almendra_1L,31
2026-08-06,Azucar_Blanca_500g,2
2026-08-06,Jarabe_Vainilla,3
2026-08-07,Cafe_Grano_1kg,21
2026-08-07,Vasos_Descartables_8oz,213
2026-08-07,Leche_Almendra_1L,24
2026-08-07,Azucar_Blanca_500g,4
2026-08-07,Jarabe_Vainilla,4
2026-08-08,Cafe_Grano_1kg,12
2026-08-08,Vasos_Descartables_8oz,170
2026-08-08,Leche_Almendra_1L,31
2026-08-08,Azucar_Blanca_500g,6
2026-08-08,Jarabe_Vainilla,1
2026-08-09,Cafe_Grano_1kg,13
2026-08-09,Vasos_Descartables_8oz,214
2026-08-09,Leche_Almendra_1L,35
2026-08-09,Azucar_Blanca_500g,6
2026-08-09,Jarabe_Vainilla,0
2026-08-10,Cafe_Grano_1kg,20
2026-08-10,Vasos_Descartables_8oz,187
2026-08-10,Leche_Almendra_1L,27
2026-08-10,Azucar_Blanca_500g,6
2026-08-10,Jarabe_Vainilla,0
2026-08-11,Cafe_Grano_1kg,14
2026-08-11,Vasos_Descartables_8oz,209
2026-08-11,Leche_Almendra_1L,34
2026-08-11,Azucar_Blanca_500g,6
2026-08-11,Jarabe_Vainilla,4
2026-08-12,Cafe_Grano_1kg,11
2026-08-12,Vasos_Descartables_8oz,199
2026-08-12,Leche_Almendra_1L,31
2026-08-12,Azucar_Blanca_500g,6
2026-08-12,Jarabe_Vainilla,4
2026-08-13,Cafe_Grano_1kg,16
2026-08-13,Vasos_Descartables_8oz,181
2026-08-13,Leche_Almendra_1L,22
2026-08-13,Azucar_Blanca_500g,4
2026-08-13,Jarabe_Vainilla,4
2026-08-14,Cafe_Grano_1kg,12
2026-08-14,Vasos_Descartables_8oz,180
2026-08-14,Leche_Almendra_1L,24
2026-08-14,Azucar_Blanca_500g,6
2026-08-14,Jarabe_Vainilla,3
2026-08-15,Cafe_Grano_1kg,18
2026-08-15,Vasos_Descartables_8oz,187
2026-08-15,Leche_Almendra_1L,26
2026-08-15,Azucar_Blanca_500g,1
2026-08-15,Jarabe_Vainilla,4
2026-08-16,Cafe_Grano_1kg,17
2026-08-16,Vasos_Descartables_8oz,183
2026-08-16,Leche_Almendra_1L,35
2026-08-16,Azucar_Blanca_500g,3
2026-08-16,Jarabe_Vainilla,6
2026-08-17,Cafe_Grano_1kg,9
2026-08-17,Vasos_Descartables_8oz,215
2026-08-17,Leche_Almendra_1L,25
2026-08-17,Azucar_Blanca_500g,4
2026-08-17,Jarabe_Vainilla,3
2026-08-18,Cafe_Grano_1kg,25
2026-08-18,Vasos_Descartables_8oz,183
2026-08-18,Leche_Almendra_1L,31
2026-08-18,Azucar_Blanca_500g,3
2026-08-18,Jarabe_Vainilla,2
2026-08-19,Cafe_Grano_1kg,17
2026-08-19,Vasos_Descartables_8oz,212
2026-08-19,Leche_Almendra_1L,23
2026-08-19,Azucar_Blanca_500g,6
2026-08-19,Jarabe_Vainilla,6
2026-08-20,Cafe_Grano_1kg,18
2026-08-20,Vasos_Descartables_8oz,202
2026-08-20,Leche_Almendra_1L,21
2026-08-20,Azucar_Blanca_500g,3
2026-08-20,Jarabe_Vainilla,2
2026-08-21,Cafe_Grano_1kg,18
2026-08-21,Vasos_Descartables_8oz,205
2026-08-21,Leche_Almendra_1L,35
2026-08-21,Azucar_Blanca_500g,6
2026-08-21,Jarabe_Vainilla,2
2026-08-22,Cafe_Grano_1kg,17
2026-08-22,Vasos_Descartables_8oz,179
2026-08-22,Leche_Almendra_1L,30
2026-08-22,Azucar_Blanca_500g,8
2026-08-22,Jarabe_Vainilla,3
2026-08-23,Cafe_Grano_1kg,19
2026-08-23,Vasos_Descartables_8oz,193
2026-08-23,Leche_Almendra_1L,27
2026-08-23,Azucar_Blanca_500g,2
2026-08-23,Jarabe_Vainilla,3
2026-08-24,Cafe_Grano_1kg,13
2026-08-24,Vasos_Descartables_8oz,189
2026-08-24,Leche_Almendra_1L,34
2026-08-24,Azucar_Blanca_500g,2
2026-08-24,Jarabe_Vainilla,3
2026-08-25,Cafe_Grano_1kg,18
2026-08-25,Vasos_Descartables_8oz,217
2026-08-25,Leche_Almendra_1L,37
2026-08-25,Azucar_Blanca_500g,4
2026-08-25,Jarabe_Vainilla,1
2026-08-26,Cafe_Grano_1kg,22
2026-08-26,Vasos_Descartables_8oz,190
2026-08-26,Leche_Almendra_1L,26
2026-08-26,Azucar_Blanca_500g,1
2026-08-26,Jarabe_Vainilla,0
2026-08-27,Cafe_Grano_1kg,19
2026-08-27,Vasos_Descartables_8oz,191
2026-08-27,Leche_Almendra_1L,26
2026-08-27,Azucar_Blanca_500g,3
2026-08-27,Jarabe_Vainilla,1
2026-08-28,Cafe_Grano_1kg,22
2026-08-28,Vasos_Descartables_8oz,214
2026-08-28,Leche_Almendra_1L,28
2026-08-28,Azucar_Blanca_500g,8
2026-08-28,Jarabe_Vainilla,1
2026-08-29,Cafe_Grano_1kg,11
2026-08-29,Vasos_Descartables_8oz,210
2026-08-29,Leche_Almendra_1L,23
2026-08-29,Azucar_Blanca_500g,3
2026-08-29,Jarabe_Vainilla,4
2026-08-30,Cafe_Grano_1kg,10
2026-08-30,Vasos_Descartables_8oz,205
2026-08-30,Leche_Almendra_1L,36
2026-08-30,Azucar_Blanca_500g,4
2026-08-30,Jarabe_Vainilla,2
2026-08-31,Cafe_Grano_1kg,27
2026-08-31,Vasos_Descartables_8oz,214
2026-08-31,Leche_Almendra_1L,27
2026-08-31,Azucar_Blanca_500g,6
2026-08-31,Jarabe_Vainilla,2
